{
  "substrate": "facebook/esm2_t6_8M_UR50D",
  "dim": 320,
  "n_codebook": 84,
  "rotation": {
    "2": {
      "accuracy": 1.0,
      "signal_cos": 0.713260420717605
    },
    "4": {
      "accuracy": 1.0,
      "signal_cos": 0.5008563900774953
    },
    "8": {
      "accuracy": 1.0,
      "signal_cos": 0.3489359552875283
    },
    "16": {
      "accuracy": 0.90625,
      "signal_cos": 0.2523183055200461
    },
    "24": {
      "accuracy": 0.7708333333333334,
      "signal_cos": 0.20497853433962052
    },
    "32": {
      "accuracy": 0.61875,
      "signal_cos": 0.17384159930601376
    },
    "48": {
      "accuracy": 0.4416666666666666,
      "signal_cos": 0.1426242698824315
    }
  },
  "hadamard": {
    "2": {
      "accuracy": 0.75,
      "signal_cos": 0.46950372129686213
    },
    "4": {
      "accuracy": 0.5,
      "signal_cos": 0.32321665525328835
    },
    "8": {
      "accuracy": 0.2875,
      "signal_cos": 0.25741935584474807
    },
    "16": {
      "accuracy": 0.1625,
      "signal_cos": 0.18485051905706995
    },
    "24": {
      "accuracy": 0.1125,
      "signal_cos": 0.1711638380829545
    },
    "32": {
      "accuracy": 0.0625,
      "signal_cos": 0.1412699566766451
    },
    "48": {
      "accuracy": 0.041666666666666664,
      "signal_cos": 0.11707902593946673
    }
  }
}